{
"description": "KB1-c",
"name":"Kb1c",
"type": "tank",
"hitSize": 32,
"crushDamage": 3,
"treadPullOffset": 6,
"singleTarget": false,
"omniMovement": false,
"faceTarget": false,
"health": 1600,
"armor": 0,
"speed": 0.34,
"rotateSpeed": 0.9,
"itemCapacity": 0,
"deathSound": "exetr1"
"loopSoundVolume": 0.18
"loopSound": "tt3"
"outlineColor": "44413c",
"treadSound": "wot_big",
"treadRects": [
    {
      "x": 28,
      "y": -76,
      "width": 16,
      "height": 155
    }
  ],


"weapons": [
    {
      "name": "Kb1c_tour",
      "mirror": false,
      "top": true,
      "x": 0,
      "y": 6.4,
      "layerOffset": 3,
      "rotate": true,
      "inaccuracy": 0.2,
      "rotateSpeed": 0.7,
      "cooldownTime": 30,
      "shootY": 20,
      "shootX": 1,

      "reload": 300,
      "recoil": 0,
      "parts": [
        {
          "type": "RegionPart",
          "suffix": "-barrel",
		  "x": 0,
          "y": 2,
          "under": true,
          "moves": [
            {
              "type": "PartMove",
              "progress": "recoil",
              "y": -1.3
            }
          ]
        }
      ],
      "shootSound": "wot_big",
      "bullet": {
        "type": "BasicBulletType",
        "sprite": "missile-large",
        "shootEffect": "shootBig2",
        "hitEffect": "hitBulletSmall",
        "despawnHit": true,
        "lifetime": 22.85714286,
        "damage": 200,
        "pierceArmor": true,
        "speed": 22,
        "trailLength": 2,
        "trailWidth": 0.4,
        "width": 4,
        "height": 9,
        "trailColor": "edcc49",
        "backColor": "ff7048",
        "frontColor": "f9db62"
      }
    },
  ]
}
