{
"description": "T34",
"name":"T34",
"type": "tank",
"hitSize": 29,
"crushDamage": 2,
"treadPullOffset": 6,
"singleTarget": false,
"omniMovement": false,
"faceTarget": false,
"health": 1200,
"armor": 0,
"speed": 0.5,
"rotateSpeed": 1,
"itemCapacity": 0,
"deathSound": "exetr2"
"loopSoundVolume": 0.17
"loopSound": "tt3"
"outlineColor": "44413c",
"treadRects": [
    {
	"name":"T34-treads",
      "x": 26,
      "y": -70,
      "width": 17,
      "height": 140
    }
  ],


"weapons": [
    {
      "name": "T34_tour",
      "mirror": false,
      "top": true,
      "x": 0,
      "y": 6,
      "layerOffset": 3,
      "rotate": true,
      "inaccuracy": 0.1,
      "rotateSpeed": 0.7,
      "cooldownTime": 30,
      "shootY": 18,
      "shootX": 1,

      "reload": 300,
      "recoil": 0,
      "parts": [
        {
          "type": "RegionPart",
          "suffix": "-barrel",
		  "x": 0,
          "y": 4,
          "under": true,
          "moves": [
            {
              "type": "PartMove",
              "progress": "recoil",
              "y": -1.4
            }
          ]
        }
      ],
      "shootSound": "wot_mid",
      "bullet": {
        "type": "BasicBulletType",
        "sprite": "missile-large",
        "shootEffect": "shootBig2",
        "hitEffect": "hitBulletSmall",
        "despawnHit": true,
        "lifetime": 22.85714286,
        "damage": 150,
        "pierceArmor": true,
        "speed": 27,
        "trailLength": 2,
        "trailWidth": 0.4,
        "width": 4,
        "height": 9,
        "trailColor": "edcc49",
        "backColor": "ff7048",
        "frontColor": "f9db62"
      }
    },
  ]
}
