{
"description": "Tig1",
"name":"Tig1",
"type": "tank",
"hitSize": 30,
"crushDamage": 4,
"treadPullOffset": 6,
"singleTarget": false,
"omniMovement": false,
"faceTarget": false,
"health": 2000,
"armor": 0,
"speed": 0.20,
"rotateSpeed": 0.7,
"itemCapacity": 0,
"deathSound": "exetr1"
"loopSoundVolume": 0.20
"loopSound": "tt"
"outlineColor": "44413c",
"treadRects": [
    {
      "x": 28,
      "y": -77,
      "width": 17,
      "height": 155
    }
  ],


"weapons": [
    {
      "name": "Tig1_tour",
      "mirror": false,
      "top": true,
      "x": 0,
      "y": 1,
      "layerOffset": 3,
      "rotate": true,
      "inaccuracy": 0.3,
      "rotateSpeed": 0.4,
      "cooldownTime": 30,
      "shootY": 21,
      "shootX": 1,

      "reload": 500,
      "recoil": 0,
      "parts": [
        {
          "type": "RegionPart",
          "suffix": "-barrel",
		  "x": 0,
          "y": 8,
          "under": true,
          "moves": [
            {
              "type": "PartMove",
              "progress": "recoil",
              "y": -1.6
            }
          ]
        }
      ],
      "shootSound": "wot_big",
      "bullet": {
        "type": "BasicBulletType",
        "sprite": "missile-large",
        "shootEffect": "shootBig2",
        "hitEffect": "hitBulletSmall",
        "despawnHit": true,
        "lifetime": 22.85714286,
        "damage": 400,
        "pierceArmor": true,
        "speed": 20,
        "trailLength": 2,
        "trailWidth": 0.4,
        "width": 4,
        "height": 9,
        "trailColor": "edcc49",
        "backColor": "ff7048",
        "frontColor": "f9db62"
      }
    },
  ]
}
